CREATE DATABASE  IF NOT EXISTS `parking_service` /*!40100 DEFAULT CHARACTER SET utf8mb4 COLLATE utf8mb4_0900_ai_ci */ /*!80016 DEFAULT ENCRYPTION='N' */;
USE `parking_service`;
-- MySQL dump 10.13  Distrib 8.0.44, for Win64 (x86_64)
--
-- Host: localhost    Database: parking_service
-- ------------------------------------------------------
-- Server version	8.0.44

/*!40101 SET @OLD_CHARACTER_SET_CLIENT=@@CHARACTER_SET_CLIENT */;
/*!40101 SET @OLD_CHARACTER_SET_RESULTS=@@CHARACTER_SET_RESULTS */;
/*!40101 SET @OLD_COLLATION_CONNECTION=@@COLLATION_CONNECTION */;
/*!50503 SET NAMES utf8 */;
/*!40103 SET @OLD_TIME_ZONE=@@TIME_ZONE */;
/*!40103 SET TIME_ZONE='+00:00' */;
/*!40014 SET @OLD_UNIQUE_CHECKS=@@UNIQUE_CHECKS, UNIQUE_CHECKS=0 */;
/*!40014 SET @OLD_FOREIGN_KEY_CHECKS=@@FOREIGN_KEY_CHECKS, FOREIGN_KEY_CHECKS=0 */;
/*!40101 SET @OLD_SQL_MODE=@@SQL_MODE, SQL_MODE='NO_AUTO_VALUE_ON_ZERO' */;
/*!40111 SET @OLD_SQL_NOTES=@@SQL_NOTES, SQL_NOTES=0 */;

--
-- Table structure for table `auth_user`
--

DROP TABLE IF EXISTS `auth_user`;
/*!40101 SET @saved_cs_client     = @@character_set_client */;
/*!50503 SET character_set_client = utf8mb4 */;
CREATE TABLE `auth_user` (
  `id` bigint NOT NULL AUTO_INCREMENT,
  `password` varchar(128) NOT NULL,
  `last_login` datetime DEFAULT NULL,
  `is_superuser` tinyint(1) NOT NULL DEFAULT '0',
  `username` varchar(150) NOT NULL,
  `first_name` varchar(150) NOT NULL DEFAULT '',
  `last_name` varchar(150) NOT NULL DEFAULT '',
  `email` varchar(254) NOT NULL DEFAULT '',
  `is_staff` tinyint(1) NOT NULL DEFAULT '0',
  `is_active` tinyint(1) NOT NULL DEFAULT '1',
  `date_joined` datetime NOT NULL DEFAULT CURRENT_TIMESTAMP,
  PRIMARY KEY (`id`),
  UNIQUE KEY `username` (`username`)
) ENGINE=InnoDB AUTO_INCREMENT=4 DEFAULT CHARSET=utf8mb4 COLLATE=utf8mb4_0900_ai_ci;
/*!40101 SET character_set_client = @saved_cs_client */;

--
-- Dumping data for table `auth_user`
--

LOCK TABLES `auth_user` WRITE;
/*!40000 ALTER TABLE `auth_user` DISABLE KEYS */;
INSERT INTO `auth_user` VALUES (2,'testejose',NULL,1,'testejose','teste','jose','testejose@gmail.com',1,1,'2026-05-21 12:07:07');
/*!40000 ALTER TABLE `auth_user` ENABLE KEYS */;
UNLOCK TABLES;

--
-- Table structure for table `customer`
--

DROP TABLE IF EXISTS `customer`;
/*!40101 SET @saved_cs_client     = @@character_set_client */;
/*!50503 SET character_set_client = utf8mb4 */;
CREATE TABLE `customer` (
  `id` bigint NOT NULL AUTO_INCREMENT,
  `user_id` bigint DEFAULT NULL,
  `name` varchar(100) NOT NULL,
  `cpf` varchar(15) DEFAULT NULL,
  `phone` varchar(15) DEFAULT NULL,
  `created_at` datetime NOT NULL DEFAULT CURRENT_TIMESTAMP,
  `updated_at` datetime NOT NULL DEFAULT CURRENT_TIMESTAMP ON UPDATE CURRENT_TIMESTAMP,
  PRIMARY KEY (`id`),
  UNIQUE KEY `user_id` (`user_id`),
  CONSTRAINT `fk_customer_user` FOREIGN KEY (`user_id`) REFERENCES `auth_user` (`id`) ON DELETE RESTRICT
) ENGINE=InnoDB AUTO_INCREMENT=21 DEFAULT CHARSET=utf8mb4 COLLATE=utf8mb4_0900_ai_ci;
/*!40101 SET character_set_client = @saved_cs_client */;

--
-- Dumping data for table `customer`
--

LOCK TABLES `customer` WRITE;
/*!40000 ALTER TABLE `customer` DISABLE KEYS */;
INSERT INTO `customer` VALUES (3,NULL,'Teste 2 put','987654321','(12)77777-7777','2026-05-14 21:01:43','2026-05-15 11:35:51'),(4,NULL,'Gustavo','99999999','(83)88888','2026-05-14 21:06:10','2026-05-14 21:06:10'),(5,NULL,'Pedro','99999999','(83)88888','2026-05-14 21:13:28','2026-05-14 21:13:28'),(6,NULL,'Ălvares','99999999','(83)88888','2026-05-14 21:15:37','2026-05-14 21:15:37'),(7,NULL,'Ălvares','99999999','(83)88888','2026-05-14 21:16:51','2026-05-14 21:16:51'),(8,NULL,'Gohan','99999999','(83)88888','2026-05-14 21:19:17','2026-05-14 21:19:17'),(9,NULL,'Gohan','99999999','(83)88888','2026-05-14 21:19:58','2026-05-14 21:19:58'),(10,NULL,'Gohan','99999999','(83)88888','2026-05-14 21:21:17','2026-05-14 21:21:17'),(16,NULL,'Teste da RequisiĂ§ĂŁo','12345678911','(12)33333-3333','2026-05-19 10:06:07','2026-05-19 10:06:07'),(17,NULL,'Teste da RequisiĂ§ĂŁo','12345678911','(12)33333-3333','2026-05-19 10:07:46','2026-05-19 10:07:46'),(18,NULL,'Teste da RequisiĂ§ĂŁo','12345678911','(12)33333-3333','2026-05-19 10:11:44','2026-05-19 10:11:44'),(19,NULL,'Teste da RequisiĂ§ĂŁo','12345678911',NULL,'2026-05-19 10:14:00','2026-05-19 10:14:00'),(20,NULL,'Teste da RequisiĂ§ĂŁo','12345678911','(83) 91234-1234','2026-05-23 11:50:30','2026-05-23 11:50:30');
/*!40000 ALTER TABLE `customer` ENABLE KEYS */;
UNLOCK TABLES;

--
-- Table structure for table `parking_record`
--

DROP TABLE IF EXISTS `parking_record`;
/*!40101 SET @saved_cs_client     = @@character_set_client */;
/*!50503 SET character_set_client = utf8mb4 */;
CREATE TABLE `parking_record` (
  `id` bigint NOT NULL AUTO_INCREMENT,
  `vehicle_id` bigint NOT NULL,
  `parking_spot_id` bigint NOT NULL,
  `entry_time` datetime NOT NULL DEFAULT CURRENT_TIMESTAMP,
  `exit_time` datetime DEFAULT NULL,
  `created_at` datetime NOT NULL DEFAULT CURRENT_TIMESTAMP,
  `updated_at` datetime NOT NULL DEFAULT CURRENT_TIMESTAMP ON UPDATE CURRENT_TIMESTAMP,
  PRIMARY KEY (`id`),
  KEY `fk_record_vehicle` (`vehicle_id`),
  KEY `fk_record_spot` (`parking_spot_id`),
  CONSTRAINT `fk_record_spot` FOREIGN KEY (`parking_spot_id`) REFERENCES `parking_spot` (`id`) ON DELETE RESTRICT,
  CONSTRAINT `fk_record_vehicle` FOREIGN KEY (`vehicle_id`) REFERENCES `vehicle` (`id`) ON DELETE RESTRICT
) ENGINE=InnoDB AUTO_INCREMENT=11 DEFAULT CHARSET=utf8mb4 COLLATE=utf8mb4_0900_ai_ci;
/*!40101 SET character_set_client = @saved_cs_client */;

--
-- Dumping data for table `parking_record`
--

LOCK TABLES `parking_record` WRITE;
/*!40000 ALTER TABLE `parking_record` DISABLE KEYS */;
INSERT INTO `parking_record` VALUES (4,5,2,'2026-05-21 20:34:29','2026-05-21 21:34:29','2026-05-21 20:34:30','2026-05-21 20:34:30'),(5,5,3,'2026-05-23 12:11:08','2026-05-23 12:11:08','2026-05-23 12:11:08','2026-05-23 12:11:08'),(6,5,3,'2026-05-23 12:12:17','2026-05-23 13:12:17','2026-05-23 12:12:17','2026-05-23 12:12:17'),(7,5,3,'2026-05-23 12:34:21','2026-05-23 13:34:21','2026-05-23 12:34:21','2026-05-23 12:34:21'),(8,5,2,'2026-05-23 12:37:38','2026-05-23 13:37:38','2026-05-23 12:37:38','2026-05-23 12:37:38'),(9,5,2,'2026-05-23 17:00:39','2026-05-23 18:00:39','2026-05-23 17:00:39','2026-05-23 17:00:39'),(10,6,3,'2026-05-23 17:03:13','2026-05-23 18:03:13','2026-05-23 17:03:13','2026-05-23 17:22:30');
/*!40000 ALTER TABLE `parking_record` ENABLE KEYS */;
UNLOCK TABLES;

--
-- Table structure for table `parking_spot`
--

DROP TABLE IF EXISTS `parking_spot`;
/*!40101 SET @saved_cs_client     = @@character_set_client */;
/*!50503 SET character_set_client = utf8mb4 */;
CREATE TABLE `parking_spot` (
  `id` bigint NOT NULL AUTO_INCREMENT,
  `spot_number` varchar(10) NOT NULL,
  `is_occupied` tinyint(1) NOT NULL DEFAULT '0',
  `created_at` datetime NOT NULL DEFAULT CURRENT_TIMESTAMP,
  `updated_at` datetime NOT NULL DEFAULT CURRENT_TIMESTAMP ON UPDATE CURRENT_TIMESTAMP,
  PRIMARY KEY (`id`),
  UNIQUE KEY `spot_number` (`spot_number`)
) ENGINE=InnoDB AUTO_INCREMENT=4 DEFAULT CHARSET=utf8mb4 COLLATE=utf8mb4_0900_ai_ci;
/*!40101 SET character_set_client = @saved_cs_client */;

--
-- Dumping data for table `parking_spot`
--

LOCK TABLES `parking_spot` WRITE;
/*!40000 ALTER TABLE `parking_spot` DISABLE KEYS */;
INSERT INTO `parking_spot` VALUES (2,'001',0,'2026-05-21 11:31:19','2026-05-23 18:12:56'),(3,'002',0,'2026-05-23 11:51:32','2026-05-23 18:12:56');
/*!40000 ALTER TABLE `parking_spot` ENABLE KEYS */;
UNLOCK TABLES;

--
-- Table structure for table `vehicle`
--

DROP TABLE IF EXISTS `vehicle`;
/*!40101 SET @saved_cs_client     = @@character_set_client */;
/*!50503 SET character_set_client = utf8mb4 */;
CREATE TABLE `vehicle` (
  `id` bigint NOT NULL AUTO_INCREMENT,
  `vehicle_type_id` bigint DEFAULT NULL,
  `license_plate` varchar(10) NOT NULL,
  `brand` varchar(50) DEFAULT NULL,
  `model` varchar(50) DEFAULT NULL,
  `color` varchar(50) DEFAULT NULL,
  `owner_id` bigint DEFAULT NULL,
  `created_at` datetime NOT NULL DEFAULT CURRENT_TIMESTAMP,
  `updated_at` datetime NOT NULL DEFAULT CURRENT_TIMESTAMP ON UPDATE CURRENT_TIMESTAMP,
  PRIMARY KEY (`id`),
  UNIQUE KEY `license_plate` (`license_plate`),
  KEY `fk_vehicle_type` (`vehicle_type_id`),
  KEY `fk_vehicle_owner` (`owner_id`),
  CONSTRAINT `fk_vehicle_owner` FOREIGN KEY (`owner_id`) REFERENCES `customer` (`id`) ON DELETE RESTRICT,
  CONSTRAINT `fk_vehicle_type` FOREIGN KEY (`vehicle_type_id`) REFERENCES `vehicle_type` (`id`) ON DELETE RESTRICT
) ENGINE=InnoDB AUTO_INCREMENT=7 DEFAULT CHARSET=utf8mb4 COLLATE=utf8mb4_0900_ai_ci;
/*!40101 SET character_set_client = @saved_cs_client */;

--
-- Dumping data for table `vehicle`
--

LOCK TABLES `vehicle` WRITE;
/*!40000 ALTER TABLE `vehicle` DISABLE KEYS */;
INSERT INTO `vehicle` VALUES (5,2,'DEF5678','Chevrolet','Opala','Preto',3,'2026-05-21 12:19:20','2026-05-21 12:19:20'),(6,2,'ABC4321','Chevrolet','Marea','Prata',3,'2026-05-23 12:36:28','2026-05-23 12:36:28');
/*!40000 ALTER TABLE `vehicle` ENABLE KEYS */;
UNLOCK TABLES;

--
-- Table structure for table `vehicle_type`
--

DROP TABLE IF EXISTS `vehicle_type`;
/*!40101 SET @saved_cs_client     = @@character_set_client */;
/*!50503 SET character_set_client = utf8mb4 */;
CREATE TABLE `vehicle_type` (
  `id` bigint NOT NULL AUTO_INCREMENT,
  `name` varchar(50) NOT NULL,
  `description` text,
  PRIMARY KEY (`id`),
  UNIQUE KEY `name` (`name`)
) ENGINE=InnoDB AUTO_INCREMENT=4 DEFAULT CHARSET=utf8mb4 COLLATE=utf8mb4_0900_ai_ci;
/*!40101 SET character_set_client = @saved_cs_client */;

--
-- Dumping data for table `vehicle_type`
--

LOCK TABLES `vehicle_type` WRITE;
/*!40000 ALTER TABLE `vehicle_type` DISABLE KEYS */;
INSERT INTO `vehicle_type` VALUES (2,'Carro','Carro'),(3,'Moto','Moto');
/*!40000 ALTER TABLE `vehicle_type` ENABLE KEYS */;
UNLOCK TABLES;
/*!40103 SET TIME_ZONE=@OLD_TIME_ZONE */;

/*!40101 SET SQL_MODE=@OLD_SQL_MODE */;
/*!40014 SET FOREIGN_KEY_CHECKS=@OLD_FOREIGN_KEY_CHECKS */;
/*!40014 SET UNIQUE_CHECKS=@OLD_UNIQUE_CHECKS */;
/*!40101 SET CHARACTER_SET_CLIENT=@OLD_CHARACTER_SET_CLIENT */;
/*!40101 SET CHARACTER_SET_RESULTS=@OLD_CHARACTER_SET_RESULTS */;
/*!40101 SET COLLATION_CONNECTION=@OLD_COLLATION_CONNECTION */;
/*!40111 SET SQL_NOTES=@OLD_SQL_NOTES */;

-- Dump completed on 2026-05-25 18:09:13
